Peak Center [Hz],Peak Amplitude [arcsec^2/Hz],FWHM [Hz],offset,Center Variance,Peak Variance,FWHM Variance,Offset Variance,Pointing rms [arcsec],Poitning rms - Error [arcsec]
10.395880157551373,2.9278427813051298e-05,-0.13583838135325577,3.131585037226197e-05,0.0005741101259651017,2.678654886718111e-11,0.0012344410592817548,2.744428419944279e-13
58.24560460054286,9.893248111876463e-05,0.9190164506627311,1.0315944316804999e-05,0.000414634987972132,4.92662254640741e-12,0.0014249003719970792,8.061789305228273e-13
208.62977735991467,7.9592523893468e-05,0.27566982671402057,1.2738165041341842e-05,4.598314162661063e-05,3.835533938548121e-12,0.00010686418749799341,9.294537682985563e-14
